accuracy,precision,recall,f1-score,specificity,g mean
0.9953931203931204,0.5384615384615384,0.6363636363636364,0.5833333333333334,0.9972217934866492,0.7966151434439539
