{
    "baseline_method": 1,
    "batch_size": 256,
    "optimizer_type": "AdamW",
    "lr": 7.75504036151784e-05,
    "weight_decay": 1.045699411146961e-05,
    "d_model": 64,
    "nhead": 2,
    "num_layers": 2,
    "dim_feedforward": 512,
    "dropout": 0.4594424571482057,
    "sequence_length": 28,
    "step_size": 25,
    "threshold": 0.8099428789968535
}