{
    "baseline_method": 0,
    "batch_size": 128,
    "optimizer_type": "AdamW",
    "hidden_dim": 256,
    "num_layers": 3,
    "dropout": 0.49998610745073874,
    "lr": 0.008281966338082111,
    "sequence_length": 242,
    "step_size": 56,
    "weight_decay": 0.0014205545220549452,
    "bidirectional": false,
    "threshold": 0.5166983800739738
}