accuracy,precision,recall,f1-score,specificity,g mean
0.9946085325832161,0.6304347826086957,0.8285714285714286,0.7160493827160493,0.9959820373434176,0.9084284559133523
