{
    "baseline_method": 4,
    "batch_size": 128,
    "optimizer_type": "AdamW",
    "weight_decay": 0.0008661028183125056,
    "lr": 1.3508265897631094e-05,
    "sequence_length": 89,
    "threshold": 0.5780367054119994,
    "step_size": 29
}