{
    "baseline_method": 4,
    "batch_size": 64,
    "optimizer_type": "AdamW",
    "lr": 0.0006277025903099689,
    "weight_decay": 0.004130455460732248,
    "hidden_dim": 128,
    "num_layers": 2,
    "dropout": 0.10183325754016188,
    "sequence_length": 52,
    "step_size": 60,
    "kernel_size": 5,
    "threshold": 0.41567656838442313
}