{
    "baseline_method": 3,
    "batch_size": 64,
    "optimizer_type": "AdamW",
    "lr": 0.00025241486370130515,
    "weight_decay": 0.004214225892833404,
    "hidden_dim": 512,
    "num_layers": 3,
    "dropout": 0.2482911598406552,
    "sequence_length": 176,
    "step_size": 74,
    "kernel_size": 3,
    "threshold": 0.7651617307160483
}