accuracy,precision,recall,f1-score,specificity,g mean
0.9949579831932773,0.7297297297297297,0.9818181818181818,0.8372093023255814,0.9951338199513382,0.9884535789658535
