accuracy,precision,recall,f1-score,specificity,g mean
0.9929511278195489,0.5384615384615384,1.0,0.7,0.9928926794598436,0.9964400029403896
