accuracy,precision,recall,f1-score,specificity,g mean
0.7948066935949221,0.05826271186440678,1.0,0.11011011011011011,0.7921683226183518,0.8900383826657993
