{
    "baseline_method": 1,
    "batch_size": 128,
    "optimizer_type": "AdamW",
    "lr": 0.0013013616620364571,
    "weight_decay": 0.003428762985579698,
    "hidden_dim": 512,
    "num_layers": 3,
    "dropout": 0.4547459816892733,
    "sequence_length": 166,
    "step_size": 64,
    "kernel_size": 3,
    "threshold": 0.5494826999984335
}