accuracy,precision,recall,f1-score,specificity,g mean
0.8833436341161929,0.0560625814863103,0.581081081081081,0.10225921521997622,0.8868396373866834,0.7178619193397905
