accuracy,precision,recall,f1-score,specificity,g mean
0.9060557218512549,0.09518348623853211,0.7545454545454545,0.1690427698574338,0.9079990671641791,0.8277237273754113
