{
    "baseline_method": 0,
    "batch_size": 64,
    "optimizer_type": "AdamW",
    "hidden_dim": 512,
    "num_layers": 2,
    "dropout": 0.15850569835812658,
    "lr": 0.0007060420730837054,
    "sequence_length": 225,
    "step_size": 67,
    "weight_decay": 2.936066742164741e-05,
    "bidirectional": false,
    "threshold": 0.6545057078009275
}