{
    "baseline_method": 2,
    "batch_size": 64,
    "optimizer_type": "AdamW",
    "lr": 0.000239734832458488,
    "weight_decay": 1.3490467269133528e-05,
    "hidden_dim": 256,
    "num_layers": 2,
    "dropout": 0.3148823107977351,
    "sequence_length": 109,
    "step_size": 64,
    "kernel_size": 5,
    "threshold": 0.624646843638791
}