{
    "baseline_method": 4,
    "batch_size": 256,
    "optimizer_type": "AdamW",
    "lr": 1.8084099111757743e-05,
    "weight_decay": 0.0011271130622809216,
    "d_model": 64,
    "nhead": 8,
    "num_layers": 3,
    "dim_feedforward": 512,
    "dropout": 0.18796834664780737,
    "sequence_length": 192,
    "step_size": 42,
    "threshold": 0.34289806317208094
}