{
    "baseline_method": 4,
    "batch_size": 128,
    "optimizer_type": "AdamW",
    "weight_decay": 0.006995707898404717,
    "lr": 0.0014647300254361098,
    "sequence_length": 172,
    "threshold": 0.7376157221197133,
    "step_size": 66
}