{
    "baseline_method": 2,
    "batch_size": 64,
    "optimizer_type": "AdamW",
    "hidden_dim": 128,
    "num_layers": 1,
    "lr": 0.008146798763116839,
    "sequence_length": 226,
    "step_size": 45,
    "weight_decay": 0.0007687354042835259,
    "bidirectional": false,
    "threshold": 0.8088503344001806
}