{
    "baseline_method": 0,
    "batch_size": 64,
    "optimizer_type": "AdamW",
    "lr": 0.00018038642363834816,
    "weight_decay": 0.000457939350656661,
    "d_model": 64,
    "nhead": 8,
    "num_layers": 2,
    "dim_feedforward": 128,
    "dropout": 0.19244484228386385,
    "sequence_length": 211,
    "step_size": 30,
    "threshold": 0.8637799573881183
}