{
    "baseline_method": 0,
    "batch_size": 128,
    "optimizer_type": "AdamW",
    "lr": 0.0003325909680650791,
    "weight_decay": 2.884092612238855e-05,
    "d_model": 256,
    "nhead": 2,
    "num_layers": 3,
    "dim_feedforward": 512,
    "dropout": 0.12326716081056366,
    "sequence_length": 143,
    "step_size": 68,
    "threshold": 0.30561389195203964
}