accuracy,precision,recall,f1-score,specificity,g mean
0.9951428241008442,0.45454545454545453,0.25,0.3225806451612903,0.9986057859881492,0.4996513249227278
