accuracy,precision,recall,f1-score,specificity,g mean
0.9756170981336544,0.23671497584541062,0.9245283018867925,0.3769230769230769,0.9760279168563192,0.9499291723940666
