{
  "recall_mean": 0.9669092393628741,
  "recall_std": 0.005077178294171758,
  "f1_mean": 0.97309426851182,
  "f1_std": 0.002203857552915911,
  "accuracy_mean": 0.9993284265095536,
  "accuracy_std": 5.3295926460084075e-05,
  "g_mean_mean": 0.983184636610226,
  "g_mean_std": 0.002576029138683489,
  "specificity_mean": 0.9997409074715808,
  "specificity_std": 1.0795522017492676e-05,
  "precision_mean": 0.9793767406126956,
  "precision_std": 0.0007442619802170425,
  "num_folds": 2
}