accuracy,precision,recall,f1-score,specificity,g mean
0.9917076167076168,0.2631578947368421,0.5555555555555556,0.35714285714285715,0.9935235158057055,0.7429384286607791
