accuracy,precision,recall,f1-score,specificity,g mean
0.983249581239531,0.38613861386138615,0.8297872340425532,0.527027027027027,0.9849951597289448,0.9040665955209184
