{
    "baseline_method": 0,
    "batch_size": 64,
    "optimizer_type": "AdamW",
    "lr": 0.00014571736304541072,
    "weight_decay": 4.506273570231372e-06,
    "d_model": 128,
    "nhead": 2,
    "num_layers": 3,
    "dim_feedforward": 256,
    "dropout": 0.1895779912826314,
    "sequence_length": 114,
    "step_size": 62,
    "threshold": 0.5637965132543301
}