accuracy,precision,recall,f1-score,specificity,g mean
0.9916550764951322,0.6964285714285714,0.5131578947368421,0.5909090909090909,0.9973416731821736,0.7153976190507513
