{
    "baseline_method": 5,
    "batch_size": 256,
    "optimizer_type": "AdamW",
    "lr": 0.00010132407337775211,
    "weight_decay": 8.061904230712212e-05,
    "d_model": 256,
    "nhead": 8,
    "num_layers": 2,
    "dim_feedforward": 256,
    "dropout": 0.4404859497881706,
    "sequence_length": 74,
    "step_size": 26,
    "threshold": 0.5950688888439474
}