{
    "baseline_method": 3,
    "batch_size": 64,
    "optimizer_type": "AdamW",
    "weight_decay": 0.0018639768347021067,
    "lr": 0.002830493361676841,
    "hidden_dim": 8,
    "num_layers": 3,
    "dropout": 0.38430906497283274,
    "sequence_length": 199,
    "threshold": 0.285573394568152,
    "step_size": 35
}