{
  "accuracy_mean": 0.973539552752872,
  "accuracy_std": 0.007785688297748283,
  "precision_mean": 0.11530812769361506,
  "precision_std": 0.042113626257423036,
  "recall_mean": 0.3699700538278918,
  "recall_std": 0.023685118585901332,
  "f1_mean": 0.16994204753057435,
  "f1_std": 0.046504479951317415,
  "num_folds": 2
}