{
    "baseline_method": 3,
    "batch_size": 64,
    "optimizer_type": "AdamW",
    "weight_decay": 0.00869175650232839,
    "lr": 0.0008063511271152015,
    "hidden_dim": 8,
    "num_layers": 2,
    "dropout": 0.3564234349951019,
    "sequence_length": 26,
    "threshold": 0.7004190302239057,
    "step_size": 33
}