accuracy,precision,recall,f1-score,specificity,g mean
0.9826580724370779,0.0,0.0,0.0,0.9867468022807828,0.0
