{
    "baseline_method": 0,
    "batch_size": 64,
    "optimizer_type": "AdamW",
    "weight_decay": 0.0012861536105469287,
    "lr": 1.4621730756173091e-05,
    "sequence_length": 26,
    "threshold": 0.3200871261067635,
    "step_size": 25
}