accuracy,precision,recall,f1-score,specificity,g mean
0.9794490599038042,0.021739130434782608,0.03773584905660377,0.027586206896551724,0.986780258519389,0.1929688858016341
