accuracy,precision,recall,f1-score,specificity,g mean
0.9828216955622714,0.15625,0.35714285714285715,0.21739130434782608,0.9870296236989592,0.5937260141618231
