{
    "baseline_method": 0,
    "batch_size": 64,
    "optimizer_type": "AdamW",
    "lr": 4.185464163229152e-05,
    "weight_decay": 2.166462438695377e-06,
    "d_model": 128,
    "nhead": 2,
    "num_layers": 3,
    "dim_feedforward": 512,
    "dropout": 0.21404356706714556,
    "sequence_length": 109,
    "step_size": 58,
    "threshold": 0.5349177637192386
}