{
    "baseline_method": 4,
    "batch_size": 128,
    "optimizer_type": "AdamW",
    "weight_decay": 0.0006567390845491911,
    "lr": 0.00999639144106914,
    "hidden_dim": 16,
    "num_layers": 2,
    "dropout": 0.4182571554741483,
    "sequence_length": 210,
    "threshold": 0.6774176403517529,
    "step_size": 29
}