{
    "baseline_method": 1,
    "batch_size": 64,
    "optimizer_type": "AdamW",
    "weight_decay": 0.0005854039377510543,
    "lr": 0.0004141323370679096,
    "sequence_length": 86,
    "threshold": 0.8124842656144893,
    "step_size": 55
}