{
    "baseline_method": 3,
    "batch_size": 128,
    "optimizer_type": "AdamW",
    "lr": 0.00028196979973841955,
    "weight_decay": 3.31316179300801e-05,
    "hidden_dim": 512,
    "num_layers": 2,
    "dropout": 0.21366123075920015,
    "sequence_length": 248,
    "step_size": 55,
    "kernel_size": 5,
    "threshold": 0.24178235517075256
}