accuracy,precision,recall,f1-score,specificity,g mean
0.6503910879355298,0.02911978821972204,0.8461538461538461,0.0563019833653231,0.6479481641468683,0.7404483987430834
