{
    "baseline_method": 2,
    "batch_size": 64,
    "optimizer_type": "AdamW",
    "hidden_dim": 64,
    "num_layers": 2,
    "dropout": 0.1445228142586957,
    "lr": 0.0017052832014061237,
    "sequence_length": 57,
    "step_size": 55,
    "weight_decay": 2.698188304423432e-05,
    "bidirectional": false,
    "threshold": 0.27828407384745824
}