{
    "baseline_method": 1,
    "batch_size": 128,
    "optimizer_type": "AdamW",
    "lr": 0.000113865016937418,
    "weight_decay": 0.0022054023563938866,
    "hidden_dim": 512,
    "num_layers": 3,
    "dropout": 0.30366069261643897,
    "sequence_length": 55,
    "step_size": 52,
    "kernel_size": 3,
    "threshold": 0.5430794816400554
}