accuracy,precision,recall,f1-score,specificity,g mean
0.9816200390370853,0.24475524475524477,0.875,0.3825136612021858,0.9823182711198428,0.9271075920462859
