accuracy,precision,recall,f1-score,specificity,g mean
0.5852245292129407,0.024557395773843516,0.8113207547169812,0.04767184035476718,0.5822939594032771,0.6873333795256898
