{
    "baseline_method": 0,
    "batch_size": 64,
    "optimizer_type": "AdamW",
    "lr": 0.00043781294222272865,
    "weight_decay": 4.658464095905367e-06,
    "hidden_dim": 64,
    "num_layers": 1,
    "sequence_length": 111,
    "step_size": 67,
    "kernel_size": 3,
    "threshold": 0.523012242056729
}