accuracy,precision,recall,f1-score,specificity,g mean
0.9590460130089136,0.2350230414746544,0.9272727272727272,0.375,0.95947265625,0.9432352976349779
