accuracy,precision,recall,f1-score,specificity,g mean
0.9685375494071147,0.17768595041322313,1.0,0.3017543859649123,0.9683221903852276,0.9840336327510496
