accuracy,precision,recall,f1-score,specificity,g mean
0.9807463750891372,0.18452380952380953,0.5535714285714286,0.2767857142857143,0.9836085187843981,0.7379007879779681
