{
    "baseline_method": 0,
    "batch_size": 64,
    "optimizer_type": "AdamW",
    "lr": 0.0011950110327407944,
    "weight_decay": 1.8154849368195438e-06,
    "d_model": 64,
    "nhead": 8,
    "num_layers": 1,
    "dim_feedforward": 256,
    "sequence_length": 108,
    "step_size": 58,
    "threshold": 0.262814675482707
}