{
  "accuracy_mean": 0.9902801909988495,
  "accuracy_std": 0.00018962671106798057,
  "precision_mean": 0.30372337626744783,
  "precision_std": 0.02432771171741499,
  "recall_mean": 0.33357782322199503,
  "recall_std": 0.01842217677800498,
  "f1_mean": 0.3164987682342971,
  "f1_std": 0.004975330734297151,
  "num_folds": 2
}