{
  "precision_mean": 0.9725623090068425,
  "precision_std": 0.00538763139840176,
  "specificity_mean": 0.9994905840207711,
  "specificity_std": 0.00010407423231556523,
  "f1_mean": 0.9649658233350482,
  "f1_std": 0.0011807766060762948,
  "recall_mean": 0.9575219369086583,
  "recall_std": 0.002897155058745604,
  "g_mean_mean": 0.9782800295544498,
  "g_mean_std": 0.0014290518852913547,
  "accuracy_mean": 0.9987150465949051,
  "accuracy_std": 4.839426531005886e-05,
  "num_folds": 2
}