accuracy,precision,recall,f1-score,specificity,g mean
0.99154532644434,0.6081081081081081,0.8653846153846154,0.7142857142857143,0.9931050879695673,0.9270479300387056
