accuracy,precision,recall,f1-score,specificity,g mean
0.9931720865640551,0.38271604938271603,0.775,0.512396694214876,0.9941867224741309,0.8777782806138754
