{
    "baseline_method": 1,
    "batch_size": 256,
    "optimizer_type": "AdamW",
    "weight_decay": 0.00048497840585347827,
    "lr": 1.711108440723977e-05,
    "sequence_length": 27,
    "threshold": 0.8986590609452048,
    "step_size": 75
}