{
    "baseline_method": 1,
    "batch_size": 64,
    "optimizer_type": "AdamW",
    "weight_decay": 2.1224849388335725e-06,
    "lr": 0.004965187399659562,
    "hidden_dim": 16,
    "num_layers": 3,
    "dropout": 0.201484243494312,
    "sequence_length": 105,
    "threshold": 0.6522157455126161,
    "step_size": 28
}