{
    "baseline_method": 0,
    "batch_size": 256,
    "optimizer_type": "AdamW",
    "weight_decay": 0.001003699957810676,
    "lr": 1.640665139746154e-05,
    "sequence_length": 107,
    "threshold": 0.833390202902971,
    "step_size": 75
}