{
    "baseline_method": 4,
    "batch_size": 64,
    "optimizer_type": "AdamW",
    "weight_decay": 8.633569597859955e-05,
    "lr": 0.0030853715482761345,
    "hidden_dim": 16,
    "num_layers": 2,
    "dropout": 0.35773321981760875,
    "sequence_length": 247,
    "threshold": 0.5652116990297917,
    "step_size": 54
}