{
    "baseline_method": 0,
    "batch_size": 128,
    "optimizer_type": "AdamW",
    "lr": 7.791521627176653e-05,
    "weight_decay": 0.0007183194930035882,
    "hidden_dim": 128,
    "num_layers": 3,
    "dropout": 0.32367401107623117,
    "sequence_length": 79,
    "step_size": 46,
    "kernel_size": 3,
    "threshold": 0.302717387550154
}