{
    "baseline_method": 4,
    "batch_size": 128,
    "optimizer_type": "AdamW",
    "weight_decay": 0.0007432053602915946,
    "lr": 0.00400838079612366,
    "hidden_dim": 16,
    "num_layers": 1,
    "sequence_length": 208,
    "threshold": 0.8943338357327779,
    "step_size": 70
}