accuracy,precision,recall,f1-score,specificity,g mean
0.9544096840119478,0.09621993127147767,0.509090909090909,0.16184971098265896,0.9582936885505867,0.698468757411739
