{
    "baseline_method": 0,
    "batch_size": 128,
    "optimizer_type": "AdamW",
    "hidden_dim": 256,
    "num_layers": 3,
    "dropout": 0.30295849930110086,
    "lr": 0.006056485499201283,
    "sequence_length": 204,
    "step_size": 69,
    "weight_decay": 0.007169018584547194,
    "bidirectional": false,
    "threshold": 0.5484316768525911
}