{
    "baseline_method": 3,
    "batch_size": 256,
    "optimizer_type": "AdamW",
    "lr": 7.569889879274153e-05,
    "weight_decay": 0.0010082801300796494,
    "d_model": 256,
    "nhead": 4,
    "num_layers": 3,
    "dim_feedforward": 256,
    "dropout": 0.4994629330060427,
    "sequence_length": 131,
    "step_size": 75,
    "threshold": 0.2516339219507953
}