accuracy,precision,recall,f1-score,specificity,g mean
0.9908523304777116,0.42424242424242425,0.5283018867924528,0.47058823529411764,0.9944395668715247,0.7248201842383365
