{
    "baseline_method": 1,
    "batch_size": 128,
    "optimizer_type": "AdamW",
    "weight_decay": 2.013004833923553e-05,
    "lr": 3.766503906828256e-05,
    "sequence_length": 26,
    "threshold": 0.2939307343469844,
    "step_size": 44
}