{
    "baseline_method": 0,
    "batch_size": 64,
    "optimizer_type": "AdamW",
    "lr": 0.00011267882107097736,
    "weight_decay": 1.258069829038376e-05,
    "d_model": 256,
    "nhead": 8,
    "num_layers": 2,
    "dim_feedforward": 128,
    "dropout": 0.2508882543991815,
    "sequence_length": 65,
    "step_size": 72,
    "threshold": 0.8994808475092722
}