accuracy,precision,recall,f1-score,specificity,g mean
0.9861744374172673,0.2184873949579832,0.9629629629629629,0.3561643835616438,0.9862669816893089,0.9745453170376815
