{
    "baseline_method": 0,
    "batch_size": 256,
    "optimizer_type": "AdamW",
    "weight_decay": 8.059043811427964e-06,
    "lr": 1.718987104176347e-05,
    "sequence_length": 186,
    "threshold": 0.11159511438233033,
    "step_size": 70
}