{
    "baseline_method": 4,
    "batch_size": 128,
    "optimizer_type": "AdamW",
    "hidden_dim": 64,
    "num_layers": 2,
    "dropout": 0.4954156119269932,
    "lr": 0.0022765604151083114,
    "sequence_length": 25,
    "step_size": 43,
    "weight_decay": 2.3540229250794558e-05,
    "bidirectional": false,
    "threshold": 0.5989347041773634
}