accuracy,precision,recall,f1-score,specificity,g mean
0.9822995228567031,0.1746031746031746,0.6666666666666666,0.27672955974842767,0.9839108910891089,0.8099015952937776
