{
    "baseline_method": 5,
    "batch_size": 64,
    "optimizer_type": "AdamW",
    "lr": 5.2472514738190814e-05,
    "weight_decay": 0.006073450365636994,
    "d_model": 64,
    "nhead": 4,
    "num_layers": 3,
    "dim_feedforward": 512,
    "dropout": 0.1440837917262306,
    "sequence_length": 34,
    "step_size": 60,
    "threshold": 0.7656426356469829
}