{
    "baseline_method": 1,
    "batch_size": 256,
    "optimizer_type": "AdamW",
    "weight_decay": 0.003227302459581,
    "lr": 1.0168784863065915e-05,
    "sequence_length": 114,
    "threshold": 0.7999727144511557,
    "step_size": 48
}