{
    "baseline_method": 1,
    "batch_size": 64,
    "optimizer_type": "AdamW",
    "hidden_dim": 64,
    "num_layers": 2,
    "dropout": 0.23403704249376933,
    "lr": 0.00027512069170594313,
    "sequence_length": 103,
    "step_size": 40,
    "weight_decay": 2.218870623277812e-06,
    "bidirectional": false,
    "threshold": 0.8534786754014422
}