{
    "baseline_method": 1,
    "batch_size": 64,
    "optimizer_type": "AdamW",
    "lr": 0.000137984257416287,
    "weight_decay": 4.531380803329512e-05,
    "d_model": 128,
    "nhead": 4,
    "num_layers": 3,
    "dim_feedforward": 128,
    "dropout": 0.2187196146991623,
    "sequence_length": 250,
    "step_size": 53,
    "threshold": 0.45332089737511455
}