accuracy,precision,recall,f1-score,specificity,g mean
0.8723276121650105,0.04252873563218391,0.7115384615384616,0.08026030368763558,0.8735963581183611,0.7884144903926751
