{
    "baseline_method": 5,
    "batch_size": 256,
    "optimizer_type": "AdamW",
    "lr": 7.255774318154898e-05,
    "weight_decay": 1.2775379873860887e-05,
    "d_model": 256,
    "nhead": 2,
    "num_layers": 2,
    "dim_feedforward": 128,
    "dropout": 0.4450888698880809,
    "sequence_length": 187,
    "step_size": 33,
    "threshold": 0.4718110539579098
}