{
    "baseline_method": 0,
    "batch_size": 128,
    "optimizer_type": "AdamW",
    "lr": 0.00019595358166699234,
    "weight_decay": 0.0011997392161301008,
    "d_model": 128,
    "nhead": 2,
    "num_layers": 2,
    "dim_feedforward": 256,
    "dropout": 0.4009816801718152,
    "sequence_length": 110,
    "step_size": 37,
    "threshold": 0.15141766458717298
}