{
    "baseline_method": 4,
    "batch_size": 128,
    "optimizer_type": "AdamW",
    "weight_decay": 1.334747101370535e-06,
    "lr": 0.007144773963365447,
    "hidden_dim": 16,
    "num_layers": 2,
    "dropout": 0.341961910742357,
    "sequence_length": 173,
    "threshold": 0.39743120897904094,
    "step_size": 31
}