{
    "baseline_method": 0,
    "batch_size": 128,
    "optimizer_type": "AdamW",
    "lr": 0.00048502391435924523,
    "weight_decay": 0.0018513594707000366,
    "d_model": 64,
    "nhead": 2,
    "num_layers": 2,
    "dim_feedforward": 256,
    "dropout": 0.19749302980876934,
    "sequence_length": 207,
    "step_size": 41,
    "threshold": 0.42479837161486406
}