accuracy,precision,recall,f1-score,specificity,g mean
0.9801410105757932,0.08024691358024691,0.3939393939393939,0.13333333333333333,0.9824230270142739,0.6221054025276648
