{
    "baseline_method": 0,
    "batch_size": 64,
    "optimizer_type": "AdamW",
    "lr": 0.0001623248148707878,
    "weight_decay": 0.0015697375043350528,
    "d_model": 64,
    "nhead": 2,
    "num_layers": 3,
    "dim_feedforward": 128,
    "dropout": 0.18932538677818433,
    "sequence_length": 77,
    "step_size": 65,
    "threshold": 0.2794546180888807
}