{
    "baseline_method": 2,
    "batch_size": 128,
    "optimizer_type": "AdamW",
    "lr": 0.0002672508459305968,
    "weight_decay": 0.00762520585091478,
    "hidden_dim": 512,
    "num_layers": 3,
    "dropout": 0.2806734632947202,
    "sequence_length": 245,
    "step_size": 74,
    "kernel_size": 5,
    "threshold": 0.11032118746518745
}