accuracy,precision,recall,f1-score,specificity,g mean
0.6188078609712523,0.01226215644820296,0.725,0.024116424116424118,0.6181134543076672,0.6694268103183937
