accuracy,precision,recall,f1-score,specificity,g mean
0.9940148431888916,0.5471698113207547,0.9666666666666667,0.6987951807228916,0.9942126838678563,0.9803429303423681
