{
    "baseline_method": 0,
    "batch_size": 64,
    "optimizer_type": "AdamW",
    "hidden_dim": 512,
    "num_layers": 1,
    "lr": 0.008485749554027547,
    "sequence_length": 111,
    "step_size": 57,
    "weight_decay": 5.077859346182604e-05,
    "bidirectional": false,
    "threshold": 0.3088743923016117
}