accuracy,precision,recall,f1-score,specificity,g mean
0.9908079342041606,0.46,0.6764705882352942,0.5476190476190477,0.9934146341463415,0.8197656872073417
