{
    "baseline_method": 1,
    "batch_size": 128,
    "optimizer_type": "AdamW",
    "hidden_dim": 64,
    "num_layers": 2,
    "dropout": 0.18679686039247215,
    "lr": 0.0006560839885799012,
    "sequence_length": 166,
    "step_size": 37,
    "weight_decay": 0.00760744058308422,
    "bidirectional": false,
    "threshold": 0.8475224837802633
}