{
    "baseline_method": 2,
    "batch_size": 128,
    "optimizer_type": "AdamW",
    "weight_decay": 7.58981313354181e-05,
    "lr": 0.00025554259675104586,
    "hidden_dim": 16,
    "num_layers": 3,
    "dropout": 0.22838339086443768,
    "sequence_length": 112,
    "threshold": 0.6932767180458137,
    "step_size": 28
}