{
    "baseline_method": 1,
    "batch_size": 128,
    "optimizer_type": "AdamW",
    "lr": 0.0003792275254048969,
    "weight_decay": 7.568983175741858e-06,
    "hidden_dim": 128,
    "num_layers": 2,
    "dropout": 0.21980599495021697,
    "sequence_length": 195,
    "step_size": 48,
    "kernel_size": 5,
    "threshold": 0.535434312111521
}