{
    "baseline_method": 1,
    "batch_size": 64,
    "optimizer_type": "AdamW",
    "lr": 5.689591901072168e-05,
    "weight_decay": 0.0022835613936023533,
    "d_model": 64,
    "nhead": 2,
    "num_layers": 3,
    "dim_feedforward": 256,
    "dropout": 0.10771333598829072,
    "sequence_length": 73,
    "step_size": 27,
    "threshold": 0.2258398439233958
}