{
    "baseline_method": 2,
    "batch_size": 64,
    "optimizer_type": "AdamW",
    "weight_decay": 0.00028699739852332474,
    "lr": 0.0014921943169770096,
    "hidden_dim": 8,
    "num_layers": 2,
    "dropout": 0.11642080851934082,
    "sequence_length": 247,
    "threshold": 0.4584462180140405,
    "step_size": 27
}