{
    "baseline_method": 0,
    "batch_size": 64,
    "optimizer_type": "AdamW",
    "lr": 0.0005415499882792895,
    "weight_decay": 3.052371799462728e-05,
    "hidden_dim": 128,
    "num_layers": 3,
    "dropout": 0.19668632082234427,
    "sequence_length": 126,
    "step_size": 73,
    "kernel_size": 5,
    "threshold": 0.24986979529054484
}