{
    "baseline_method": 2,
    "batch_size": 128,
    "optimizer_type": "AdamW",
    "weight_decay": 0.0003507011224559732,
    "lr": 1.006236579912505e-05,
    "sequence_length": 125,
    "threshold": 0.614785856114487,
    "step_size": 75
}