{
    "baseline_method": 3,
    "batch_size": 64,
    "optimizer_type": "AdamW",
    "lr": 0.00018165001027160764,
    "weight_decay": 2.76005000380574e-06,
    "d_model": 64,
    "nhead": 8,
    "num_layers": 1,
    "dim_feedforward": 512,
    "sequence_length": 210,
    "step_size": 66,
    "threshold": 0.5551429892155646
}