accuracy,precision,recall,f1-score,specificity,g mean
0.9925925925925926,0.4918032786885246,1.0,0.6593406593406593,0.9925391095066185,0.9962625705639144
