accuracy,precision,recall,f1-score,specificity,g mean
0.9750294464075383,0.09502262443438914,0.6363636363636364,0.16535433070866143,0.9763509518741871,0.7882348901829679
