accuracy,precision,recall,f1-score,specificity,g mean
0.9916407929304991,0.34782608695652173,0.2857142857142857,0.3137254901960784,0.9963933637893725,0.5335576990593754
