{
    "baseline_method": 2,
    "batch_size": 128,
    "optimizer_type": "AdamW",
    "hidden_dim": 512,
    "num_layers": 1,
    "lr": 0.003393973087477187,
    "sequence_length": 213,
    "step_size": 33,
    "weight_decay": 0.000459096543523593,
    "bidirectional": false,
    "threshold": 0.16454776998224985
}