{
  "g_mean_mean": 0.978131566286691,
  "g_mean_std": 0.001280588617532441,
  "accuracy_mean": 0.9987096701930083,
  "accuracy_std": 5.377066720685386e-05,
  "f1_mean": 0.96481446269332,
  "f1_std": 0.0013321372478044546,
  "recall_mean": 0.9572309008201834,
  "recall_std": 0.0026061189702706322,
  "precision_mean": 0.9725526828125928,
  "precision_std": 0.005397257592651472,
  "specificity_mean": 0.9994905840207711,
  "specificity_std": 0.00010407423231556523,
  "num_folds": 2
}