{
  "accuracy_mean": 0.9987150476933098,
  "accuracy_std": 0.0001559079083634507,
  "precision_mean": 0.939843441503131,
  "precision_std": 0.007963332511305432,
  "recall_mean": 0.994180801979655,
  "recall_std": 0.0005835959261042967,
  "f1_mean": 0.9662289911682909,
  "f1_std": 0.003932986666321248,
  "specificity_mean": 0.9988004075327834,
  "specificity_std": 0.00016980532640969992,
  "g_mean_mean": 0.9964878563800351,
  "g_mean_std": 0.00020776904133146257,
  "num_folds": 2
}